{"cameraMode":{"drawMode":0,"name":"Shaded","section":"Shading Mode"},"sceneLighting":true,"audioPlay":false,"sceneViewState":{"showFog":true,"showMaterialUpdate":false,"showSkybox":true,"showFlares":true,"showImageEffects":true,"showParticleSystems":true},"in2DMode":false,"pivot":{"x":0.3230000138282776,"y":0.8695564270019531,"z":0.22699998319149018},"rotation":{"x":-0.007184993475675583,"y":-0.038994379341602328,"z":-0.00028729793848469853,"w":0.9992343783378601},"size":0.33269721269607546,"orthographic":false}